dataset,method,holdout_rate,n_holdout,n_observed_before,success,n_eval,holdout_coverage,mae,rmse,nrmse,pearson_r,spearman_r,median_abs_error,runtime_sec,post_missing_rate,within_group_cv_median,runs,success_rate
pxd054343_diann_2x,knn,0.1,600.0,6000.0,1.0,600.0,1.0,0.34585226247337336,0.5032483259212636,0.31573198782701756,0.9490477048445237,0.9202772229922861,0.24827439077515168,0.010682264997740276,0.0,0.4249963479074648,1,1.0
pxd054343_diann_2x,minprob,0.1,600.0,6000.0,1.0,600.0,1.0,1.0158706038195566,1.266158984300062,0.7943730210851058,0.8826172783501895,0.8406929078782872,0.8777809815576836,0.015976074006175622,0.0,0.5270572839897331,1,1.0
pxd054343_diann_2x,none,0.1,600.0,6000.0,1.0,0.0,0.0,,,,,,,1.941599475685507e-05,0.1,0.45621653461967726,1,1.0
